Timestamp,Scenario name:,Overall rating,Factions used,Play time  hours,Difficulty,Starting Resources,Starting Income,Starting Buildings,Starting Units,Victory / Defeat Conditions,Timed Events / Additional Rules,What did you like the most?,What could be improved?,Other suggestions?
12/10/2025 12:03:53,not listed (please specify in a text field),5,Factory,10,Impossible,Needs less,Optimal,Needs more,Needs less,1,5,This is a test submission,Spreadsheet,This is a test submission
26/10/2025 00:59:50,The Hunt,3,"Castle, Rampart, Fortress",8,Normal,Optimal,Optimal,Optimal,Optimal,2,3,"Having the special dragon fights at the end was really cool, and it puts an interesting spin on the final battle compared to other scenarios.","The scenario is marked as a Clash scenario, but with there being a big dragon fight at the end it feels much more like a co-op scenario. This is what my group ended up doing, taking 3 of the 4 dragon fights and let everyone fight on of them.
The scenario round limit vs the tiles each player gets to traverse feels skewed - the limit is 14 while my group was touching the center tile around round 8. I think it would feel better to either shorten the limit or add another IV-V tile, although it should also be considered if the intention is for players to fight the dragon at full upgraded gold power or more start of endgame. It might require some boss hp balancing.
Some of the boss mechanics are unclear - the corrosive fields of the rust dragon are not made clear where or how exactly to place them. We randomized them with a 20 sided die but that felt a bit to random and didn't affect the battle a whole lot. For the Faerie dragon, you might want to add that it's spell casting can't be blocked by spell blocking effects like the Orb of Invulnerability as we had that and decided not to activate it as it would completely negate the mechanics of the fight.",
02/11/2025 01:33:20,Wandering Dragons,5,"Rampart, Fortress, Inferno",7,Hard,Optimal,Optimal,Optimal,Optimal,5,4,"Overall the Wanderung dragons made the game especially early and midgame really exciting and dynamic.
We had to run away from them at certain and when one player was attacked and killed by them, it was a major setback that caused a lot of tension. The need for strategic planning made the gameplay interesting.

Map Layout was really good and Had the exact perfect size for the dragons to be a menace and forced the players to use the whole map.

The time limit was really tight but worked out perfectly in the end and was therefore really exciting.

We had an epic battle with all our forces combined and the win felt like an amazing accomplishment.","The ruling was a bit of confusing for us.
We had problems to figure out if all players need to flag the utopia one after another or only one player needs to flag it.

With the neutral unit decks drawn at the beginning, we concluded that it was one fight and we retained the losses in the Dragon armies between player fights. That worked really well for us since it felt like combined powers of our team.

Also we ran into the problem that when the first player encountered the Utopia, in the unit pile there was a gold dragon and the attacking player was rampart and had the same unit in their army. We were unsure what to so in this case but just discarded the unit and drew another.
But that Kind of felt a bit awkward. We feel like there should be a ruling for that case.","The timed Events were fine, but didn't change anything for us. The obelisk ruling were great because it gave us a lot resources and stuff to work with."
05/11/2025 22:06:31,Wandering Dragons,5,"Necropolis, Fortress",3,Hard,Optimal,Optimal,Optimal,Optimal,4,3,"The WD stack get really scary when it moves 3 fields early on, but with a little luck one player can kite it around. ","Maybe add a round on hard diffuculty. We only made it on the last round, carried by very lucky and well executed Sandro play. ","The WD stack could get stuck on a blocked field, making it impossible to finish. Timed events are a little on the boring side could be some extra known movement for the WD stack which the players have to play around. (optional rule? :>) ) "
09/11/2025 17:23:58,Sentinels,5,"Necropolis, Dungeon",4,Hard,Optimal,Optimal,Needs more,Optimal,5,4,,,
11/11/2025 23:09:59,Emerald Island,5,"Castle, Necropolis, Dungeon, Rampart",5,Normal,Optimal,Optimal,Optimal,Optimal,4,4,"Nice playtime, especially for 1-st time players ",,If you have only base game and rampart dlc there are not enough tiles 2-3. So we replaced several of them with 4-5 tiles. But still it felt pretty easy on normal 
19/11/2025 09:22:02,Sentinels,5,"Necropolis, Dungeon",5,Normal,Optimal,Optimal,Optimal,Optimal,5,5,"Loved this scenario. The centered start on the map layout is a really clutch idea, and the mechanics related to the spawning enemy armies - especially the boss army - were good.",,"Not a suggestion, but having used to playing the Hard difficulty by default, the Normal difficulty felt a bit too easy for us. We'll definitely try out Hard later on. Thanks for a fun session with this scenario!"
23/11/2025 18:43:31,The Ambushed Accord,4,"Necropolis, Dungeon",8,Hard,Optimal,Needs more,Needs more,Optimal,4,5,"- Overall, this is a very good addition to coop-scenarios! This was well worth the time it took to play the scenario.

- Getting the starting army from random bronze-tier units is an awesome idea that certainly spiced the game up really nicely (especially with one of us getting Rogues as their starting unit with their global special skill).

- We really liked the idea of a minimalistic starting map with players almost completely building the map themselves with a much larger-than-usual Map Tile Pool.","- The scenario was extremely resource-constrained with valuables, and that completely screwed us over, even when we really prioritized getting them. We just could not get enough of the valuables to build our gold-tier buildings (not to mention the units) for the whole game.

- I would consider one of the following things: 1) giving more valuables as starting resources, 2) giving more income on valuables at the start and/or c) reducing the price of valuables that revealing the Center Map tile costs

- The difficulty level seemed much harder than what the Hard difficulty typically is - maybe the difficulty level could be eased by just a little bit? (Perhaps by giving more valuables, as suggested earlier, or giving a larger starting army?)

- Note on the difficulty: We forgot the rules of getting an additional morale token each astrologer's round, as well as the rule allowing the change of artifacts and spells. Our failure to take advantage of these for sure made it harder for us to win the scenario. (We lost miserably at the timed event fight on round 13. :D). This was certainly a nice touch to the normal rules, if we didn't fail to remember it going into deeper rounds!","- We were initially confused as to what the ""Initiative Stack Token"" (used in Hard/Impossible difficulties) means, as we are not familiar with new expansions. Maybe it could be explained?

- There's an error between the round numbers when timed events happen vs in the difficulty settings -box on hard difficulty. Timed events -section says that timed event fights happen in rounds 4, 7, 9, 11 & 13. In the difficulty settings box (hard difficulty), it mentions fights of rounds 4, 8 and 10. (Because these were not synced, we ended up using the initiative stack tokens on fights in rounds 4, 7 and 9.)

- The amount of rounds (14) feels high compared to how small the map is. For example, could adding one more Near (IV-V) map tile per player to Map Tile Pool improve the overall experience, as there would be more to explore? (And make the scenario a little bit easier?)"
01/12/2025 13:12:07,The Obelisk,4,"Castle, Necropolis, Dungeon, Rampart",7,Hard,Optimal,,Optimal,Optimal,4,4,Fast paced game,Amount of obelisks needing to be captured when playing with less than 6 players.,Game ended too suddenly when playing with 4 players.
01/12/2025 13:51:39,Astral Run,5,"Castle, Dungeon, Rampart, Inferno",10,Normal,Optimal,Optimal,Optimal,Optimal,5,5,"Teleporting back and forth, making PvP possible every turn when on the Near tiles. Round limit 15 was exactly right.",,"We played obelisks so that the player who is first to flag it, is the only one who gets the reward from that obelisk.
Grail rule?"
03/12/2025 22:17:20,The Ambushed Accord,5,"Castle, Necropolis",4,Hard,Optimal,Needs more,Optimal,Optimal,5,5,Starting with neutral units and working together to beat it ,Aww talked about it ,We talked about it 
07/12/2025 00:14:22,The Ambushed Accord,3,"Necropolis, Dungeon, Inferno",7,Normal,Optimal,Needs more,Optimal,Needs more,4,2,"The ambush context was done pretty well, and by putting in the increasing ambush numbers, it did a good form of agency","The focus on morale as a reward made it a complete no factor for our Necro player, ther e should at the very least be an alternative. Just getting morale for the ambush battles also felt bad, especially for the later ambushes of gold and azure units - the player who tackles the 2 azures lost alot of resources and basically had to immediately do another 2 Azure battle, which included Azure dragons, which just didn't feel fair.","While the gimmick of starting with 2 neutral units and low starting resources made for an interesting start, it also randomly adds to delays of building up your army slower and that also could lead to very different experiences. The free side building on round 2 was very nice"
11/12/2025 00:26:02,Force of Will,4,"Dungeon, Rampart",4,Hard,Optimal,Needs less,Optimal,Optimal,3,4,"Quick gameplay, good progress",More challenging end fight for hard. Special movement for player irrelevant ,
10/01/2026 19:56:08,Blood for Ore,5,"Castle, Necropolis, Tower, Fortress",,Normal,Optimal,Optimal,Optimal,Optimal,5,5,,,
28/01/2026 17:50:12,Random Scenario,5,"Castle, Necropolis, Dungeon, Tower, Rampart, Fortress, Inferno",10,Hard,Optimal,Optimal,Optimal,Optimal,4,5,Randomness of it.,"Band-aid for a players that getting destroyed early on (This is Mostly on us for playing always on hard i guess). While round 10 is somewhat nice, it doesn't feel that impactful 70% of time. 

Also additional VP for Castle Siege of other players, seems like this mechanic is not used at all as there is no real benefit of it.",
09/03/2026 05:26:53,The Ambushed Accord,5,"Castle, Inferno",6,Normal,Optimal,Optimal,Optimal,Optimal,5,5,"Nice addon, that you could trade units","We had a huge dissagrement of a vague explained timed event. In turn 2, do you just get the Gears upgrade, or also the bronze dwelling? Because it makes no sense to get the tent, if the bronze dwelling is also with the Gears. Normalt you have to get the Bronze Dwelling before the Gear, so its very confusing that you state we get the Gear and we have to remember to also get the dwelling.  Please add a claryfication note, stateing if you get the bronze dwelling or not in turn 2.  This coop scenario was a 9,5 / 10.","Please add a claryfication note, stateing if you get the bronze dwelling or not, in turn 2 timed event."
09/03/2026 05:41:39,Sentinels,5,"Necropolis, Rampart",7,Hard,Optimal,Optimal,Optimal,Needs more,5,5,Diffent feel from the other coops.,"We lost three games in a row on hard, maybe its too hard, or maybe we were just unlucky. Still fun!",The gap between Normal and Hard seems big
11/04/2026 20:30:24,Race for the Dragon Isle,4,"Castle, Dungeon, Rampart, Fortress, Inferno, Factory",8,Hard,Optimal,Optimal,Optimal,Optimal,3,2,The simultaneous turns until first player reaches the island speed up the game so much. Feels like pve single player that turns later into pvp competitive race.,"Game has already a huge rng. So player having great tiles that offer big rewards like several artefacts that he can take 3x is insane value. I wouldnt remove all black dice, because it just hightens the inequality between tiles. Locations that give artefacts, upgrade cards, give spells are already strong. Now when a player takes them 3x, compared to other players that didnt luck out and dont have those locations on tiles, create huge power differences.

The dragon utopia should give ""discard hand, draw a new hand up to maximum allowed hand size"" or some other benefit. Players were standing in the middle sanctuary, waiting for someone to attack the dragon utopia, to use his cards, and then attacked him to take over utopia. It created a stallmate and a situation when it wasnt desirable to try to conquer dragon utopia. ","Love the scenario. 
Needs some clarification regarding how portals work, changes to black cube removal and tweak with the isle, but otherwise good job
"
15/04/2026 22:47:44,Arcane Artillery,5,"Castle, Necropolis, Tower",4,Hard,Optimal,Optimal,Optimal,Optimal,4,5,"Interfering with opponents' fights using arcane spikes. Tight map with few far tiles. Also, arcane artillery makes magic resistance cards actually useful.","We didn't like that arcane spikes can't be saved. Once somebody steals your obelisk, you're losing it.","Make arcane spikes ""ammo"" that players can accumulate as tokens. 1 token = 1 damage; 2 tokens = 1 damage, -1 defense; 3 tokens = 1 damage, -1 defense, negate special ability"
18/04/2026 00:58:13,Wandering Dragons,5,,,,,,,,,,,,
08/05/2026 23:54:53,Force of Will,4,"Dungeon, Tower",2,Hard,Optimal,Needs more,Optimal,Optimal,4,4,"I liked the unique layout of the final fight, that prevents players from hiding their ranaged units.

I like the relative simplicity of this scenario and small layout. ","It felt that I was always short of gold. Both me and my opponent sat 3 turns doing absolutely nothing waiting to have enough gold for our units to do actual DU combat. At one point I also took a turn to wait for more gold in the middle of the scenario not doing anything with my main hero.

Although the small layout is nice, the way it separates the players increases the feeling of having nothing to do before DU fight.

The scenario layout felt pretty cramped and the ""remove black cubes from X"" events did not feel like they did much due to not enough windmills/water wheels being present, though overall the timed events were alright.",Personally I'd increase starting income from 10 to 15 and lower the turn timer from 12 to 10 turns to apply more pressure as compansation for more income. It would significantly improve the pacing of the scenario.
02/06/2026 14:52:56,Rise from Exile,5,,,Impossible,,,,,,4,,,"This was an interesting scenario and it was fun to go about it a different way. We tested this on impossible and it truly was that 😂 Some questions were raised while we played: What is the voctory condition for 2 players (now it just states ""at the end of Round 10"" or for 4 players)? What happens if you first fail to capture your own town? -> Do the guards that have been eliminated resurrect for the next try? Does the battle for capturing your own town cost MP? Do the stacked tokens both sit on one unit at once, or do you have to choose which one to add to your unit? Can you split the stacked tokens between two bronze units? When you loose a fight and all units, do you search for new units (we did this and it was fun) or do you get the same exact starting units back?"
22/06/2026 12:47:42,Rise from Exile,5,"Castle, Stronghold, Cove",8,Normal,Optimal,Optimal,Optimal,Optimal,5,5,"Playing with stacked units.
Free map tile discovery once per round with secondary hero worked well.","A little bit bigger reward for the player, who captures their town at turn 5.","We used Chosen Factions + paying for starting units + starting stack tokens cost -rules

All players had a good starting town fight, last player survived with only 1 unit. Also, we didn't gain the 10 gold from starting income until after starting town had been captured.

We played shorter version on the map; no Center tiles. (We only had 3 Near tiles in the center -- 6 in total.
One player captured their starting town on turn 5 -> We gave him lvl5 main hero to not fall totally behind. Shorter map could have had 3 sea tiles surrounding the middle near tiles or vice versa.

What happens to your hero, if you would lose the starting town fight?

Looking forward to play with the other optional setup rules."
08/08/2026 20:31:31,Wandering Dragons,5,"Castle, Rampart, Conflux",5,Hard,Optimal,Optimal,Optimal,Optimal,5,4,Wandering dragons,"Map shape, dragon speed was a bit too high",
